experiment,hypothesis,role,epoch,architecture,init,activation,bias_init,batch,lr,train_loss,train_accuracy,train_precision,train_recall,train_f1,train_grad_norm,val_loss,val_accuracy,val_precision,val_recall,val_f1
S1_1,Series 1,обязательная конфигурация,1,"[784, 100, 50, 10]",normal,sigmoid,zero,16,0.1,1.2702275995254517,0.5005,0.4249956456778565,0.5005,0.41855328937615865,0.5758078363999068,1.2732165445327759,0.5059,0.43479084158330383,0.5059,0.4236742550799092
S1_1,Series 1,обязательная конфигурация,2,"[784, 100, 50, 10]",normal,sigmoid,zero,16,0.1,0.6635625965118408,0.7605666666666666,0.7469043092539069,0.7605666666666667,0.7490196509558834,0.7244863424817216,0.6834188473701477,0.7575,0.743829704557747,0.7575000000000001,0.746023585793623
S1_1,Series 1,обязательная конфигурация,3,"[784, 100, 50, 10]",normal,sigmoid,zero,16,0.1,0.5427455556551616,0.8005666666666666,0.8099553430489737,0.8005666666666666,0.7955066975250851,0.9129169857513673,0.5682569961547852,0.7898,0.7993818019245862,0.7898,0.7863383947137533
S1_1,Series 1,обязательная конфигурация,4,"[784, 100, 50, 10]",normal,sigmoid,zero,16,0.1,0.44259747606913247,0.8393833333333334,0.8407568571600775,0.8393833333333334,0.8334066653634233,0.988175567124478,0.47969444055557253,0.8246,0.8241348873200719,0.8245999999999999,0.8187105571644608
S1_1,Series 1,обязательная конфигурация,5,"[784, 100, 50, 10]",normal,sigmoid,zero,16,0.1,0.40739881043434145,0.85485,0.8566280147487282,0.8548500000000001,0.8523680304464012,1.0108947590745998,0.4511059450149536,0.8414,0.8427892746024582,0.8413999999999999,0.8391287704984016
S1_1,Series 1,обязательная конфигурация,6,"[784, 100, 50, 10]",normal,sigmoid,zero,16,0.1,0.387231432723999,0.8611,0.8638505169988999,0.8611000000000001,0.855688831072605,1.0227190079066195,0.43393279938697815,0.845,0.846050948853537,0.8450000000000001,0.8391422097868089
S1_1,Series 1,обязательная конфигурация,7,"[784, 100, 50, 10]",normal,sigmoid,zero,16,0.1,0.3575992757956187,0.8699166666666667,0.8711883400995163,0.8699166666666667,0.8690558483314927,1.0141744693918402,0.408806759262085,0.855,0.8563539348239926,0.8550000000000001,0.8540288727462325
S1_1,Series 1,обязательная конфигурация,8,"[784, 100, 50, 10]",normal,sigmoid,zero,16,0.1,0.34130840595563255,0.8752333333333333,0.8758977354024919,0.8752333333333334,0.8735243348373414,1.0158980992301025,0.3955859979629517,0.8585,0.8593615887837058,0.8585,0.8567685863005545
S1_1,Series 1,обязательная конфигурация,9,"[784, 100, 50, 10]",normal,sigmoid,zero,16,0.1,0.33207576608657835,0.8798666666666667,0.8796042978937162,0.8798666666666668,0.8783504851234794,1.0084685792107497,0.39049178719520566,0.862,0.8616834312048545,0.8620000000000001,0.8603854930825383
S1_1,Series 1,обязательная конфигурация,10,"[784, 100, 50, 10]",normal,sigmoid,zero,16,0.1,0.3144524234612783,0.8861,0.886700097180405,0.8861000000000001,0.8858110806898702,0.9984830857267589,0.3763865112781525,0.8665,0.8674400657445258,0.8664999999999999,0.8662860918495291
S1_1,Series 1,обязательная конфигурация,11,"[784, 100, 50, 10]",normal,sigmoid,zero,16,0.1,0.3048689746856689,0.8894833333333333,0.8889273313988044,0.8894833333333333,0.8880114282274404,0.9906077615300596,0.3663393003463745,0.8674,0.8663830254262382,0.8674,0.8657073141976758
S1_1,Series 1,обязательная конфигурация,12,"[784, 100, 50, 10]",normal,sigmoid,zero,16,0.1,0.3066488705317179,0.8883,0.8900795981304451,0.8883000000000001,0.8854385026584313,1.0012187711862883,0.3743693731307983,0.8667,0.8673906344471687,0.8667,0.8633514291604074
S1_1,Series 1,обязательная конфигурация,13,"[784, 100, 50, 10]",normal,sigmoid,zero,16,0.1,0.2899465272426605,0.8934666666666666,0.8942709337045291,0.8934666666666666,0.891601063418363,0.9874916758102572,0.35815407304763797,0.8708,0.8712965482221691,0.8708,0.868553386529789
S1_1,Series 1,обязательная конфигурация,14,"[784, 100, 50, 10]",normal,sigmoid,zero,16,0.1,0.28382697172164917,0.8948666666666667,0.8972791025322611,0.8948666666666666,0.8953860200645668,0.9843485536221541,0.35633824110031126,0.869,0.872151664172763,0.869,0.8696586466236822
S1_1,Series 1,обязательная конфигурация,15,"[784, 100, 50, 10]",normal,sigmoid,zero,16,0.1,0.27900025367736814,0.8978833333333334,0.8992308496476328,0.8978833333333334,0.8981442979479469,0.9790541403232206,0.3546979106903076,0.874,0.87573304531346,0.874,0.8743592136244833
S1_1,Series 1,обязательная конфигурация,16,"[784, 100, 50, 10]",normal,sigmoid,zero,16,0.1,0.2810167866230011,0.8979166666666667,0.8994365979083179,0.8979166666666668,0.8977712561518347,0.9880393588231238,0.3607011937618256,0.8721,0.8738007367028106,0.8721,0.8718035673961703
S1_1,Series 1,обязательная конфигурация,17,"[784, 100, 50, 10]",normal,sigmoid,zero,16,0.1,0.26126311984062195,0.9041,0.9046788097002884,0.9041,0.9043309852384821,0.9830100478719683,0.34024090046882627,0.8759,0.8767292048448203,0.8759,0.8762202987956995
S1_1,Series 1,обязательная конфигурация,18,"[784, 100, 50, 10]",normal,sigmoid,zero,16,0.1,0.26794704583485923,0.9031666666666667,0.9047287947598907,0.9031666666666668,0.9024597860222758,0.9799460792881951,0.3502768210411072,0.8736,0.8754927358457907,0.8735999999999999,0.8728584167570219
S1_1,Series 1,обязательная конфигурация,19,"[784, 100, 50, 10]",normal,sigmoid,zero,16,0.1,0.26422426363627116,0.9037833333333334,0.9041249977204489,0.9037833333333332,0.9023338402911186,0.9809681178951395,0.35586187076568604,0.8764,0.8761992947429604,0.8764000000000001,0.8745945517136932
S1_1,Series 1,обязательная конфигурация,20,"[784, 100, 50, 10]",normal,sigmoid,zero,16,0.1,0.25888208951950076,0.9058666666666667,0.9055763199998228,0.9058666666666666,0.9050030530384529,0.9770400319253172,0.3492073447227478,0.8771,0.8761672672023926,0.8770999999999999,0.8758249369294479
S1_1,Series 1,обязательная конфигурация,21,"[784, 100, 50, 10]",normal,sigmoid,zero,16,0.1,0.24376079994042715,0.9110666666666667,0.91053224823857,0.9110666666666667,0.9105701616587296,0.9828522729806498,0.33770651950836184,0.8784,0.8775695908960286,0.8783999999999998,0.8777716623282965
S1_1,Series 1,обязательная конфигурация,22,"[784, 100, 50, 10]",normal,sigmoid,zero,16,0.1,0.2587264537334442,0.9039833333333334,0.9057392823845017,0.9039833333333332,0.9028323256654396,0.9754742641394601,0.35341268939971926,0.8751,0.8757966411438239,0.8751,0.873381467544258
S1_1,Series 1,обязательная конфигурация,23,"[784, 100, 50, 10]",normal,sigmoid,zero,16,0.1,0.27249088263511656,0.89865,0.9065134575723699,0.89865,0.90019234966828,0.9718696947991841,0.3760507649421692,0.8669,0.8759956777384026,0.8669,0.8689926829626833
S1_1,Series 1,обязательная конфигурация,24,"[784, 100, 50, 10]",normal,sigmoid,zero,16,0.1,0.24119734584490457,0.9117,0.9126687416773335,0.9117,0.9116473305038681,0.9725500239790938,0.3397132012367248,0.8776,0.8787073087170582,0.8775999999999999,0.8776793791837075
S1_1,Series 1,обязательная конфигурация,25,"[784, 100, 50, 10]",normal,sigmoid,zero,16,0.1,0.24635597154299418,0.90845,0.9099143019588238,0.9084499999999999,0.9077210772128558,0.9767384502500538,0.3543582981109619,0.8754,0.876658643740692,0.8754,0.8745261547590388
S1_1,Series 1,обязательная конфигурация,26,"[784, 100, 50, 10]",normal,sigmoid,zero,16,0.1,0.23661439712842305,0.9128666666666667,0.9132648131022231,0.9128666666666666,0.9123318665247074,0.9782699066477772,0.3427368505477905,0.878,0.8784666313704266,0.8779999999999999,0.877298519111527
S1_1,Series 1,обязательная конфигурация,27,"[784, 100, 50, 10]",normal,sigmoid,zero,16,0.1,0.2334326429128647,0.9127833333333333,0.9158023750677546,0.9127833333333333,0.913254367211812,0.9717607070575913,0.34994240016937256,0.8761,0.8801293445057679,0.8761000000000001,0.8770039036488878
S1_1,Series 1,обязательная конфигурация,28,"[784, 100, 50, 10]",normal,sigmoid,zero,16,0.1,0.24794049778779348,0.9084666666666666,0.9099354628242103,0.9084666666666665,0.9073451017439815,0.9837725552339539,0.3677260584831238,0.8744,0.8751564442662749,0.8744,0.8726967767994671
S1_1,Series 1,обязательная конфигурация,29,"[784, 100, 50, 10]",normal,sigmoid,zero,16,0.1,0.22769233854611715,0.9143833333333333,0.9184669268345311,0.9143833333333333,0.914640944987948,0.9749098009684453,0.346837255191803,0.8765,0.8817497942097405,0.8765000000000001,0.8773817324815539
S1_1,Series 1,обязательная конфигурация,30,"[784, 100, 50, 10]",normal,sigmoid,zero,16,0.1,0.25045558621088665,0.90555,0.9106095028936423,0.9055499999999999,0.9049843950276226,0.9759237767962572,0.3722846103668213,0.8669,0.872857578156794,0.8669,0.8662694886627591
S1_1,Series 1,обязательная конфигурация,31,"[784, 100, 50, 10]",normal,sigmoid,zero,16,0.1,0.21614355767567953,0.9197833333333333,0.9209055278137337,0.9197833333333334,0.9195409620930756,0.975664461467953,0.3418509677410126,0.8813,0.8828789176566243,0.8813000000000001,0.8810469289659417
S1_1,Series 1,обязательная конфигурация,32,"[784, 100, 50, 10]",normal,sigmoid,zero,16,0.1,0.22488196104367575,0.9161833333333333,0.9202436298725001,0.9161833333333333,0.9136915270631742,0.9812909754314271,0.3517952392101288,0.8787,0.8806277078233318,0.8787,0.875428109094402
S1_1,Series 1,обязательная конфигурация,33,"[784, 100, 50, 10]",normal,sigmoid,zero,16,0.1,0.21407755989233654,0.9200333333333334,0.9210801909834645,0.9200333333333331,0.9198761947209746,0.9820823661534104,0.34546801977157593,0.881,0.8821144861643864,0.881,0.8809196641730551
S1_1,Series 1,обязательная конфигурация,34,"[784, 100, 50, 10]",normal,sigmoid,zero,16,0.1,0.2211653071641922,0.9150166666666667,0.9253909486112433,0.9150166666666667,0.9166817637132632,0.9802803322906748,0.3552298857212067,0.8711,0.8840880966318378,0.8711,0.8737094683869426
S1_1,Series 1,обязательная конфигурация,35,"[784, 100, 50, 10]",normal,sigmoid,zero,16,0.1,0.1953698722600937,0.9292,0.9295621332921666,0.9292000000000001,0.9291488805723466,0.9763207376985987,0.3308512454032898,0.8859,0.8867778439157865,0.8859,0.8859398524758542
S1_2,Series 1,обязательная конфигурация,1,"[784, 100, 50, 10]",normal,sigmoid,zero,32,0.01,2.303496888224284,0.1,0.01,0.1,0.01818181818181818,0.602397245982813,2.30349674949646,0.1,0.01,0.1,0.01818181818181818
S1_2,Series 1,обязательная конфигурация,2,"[784, 100, 50, 10]",normal,sigmoid,zero,32,0.01,2.303086135228475,0.1,0.01,0.1,0.01818181818181818,0.6023358856303676,2.303086102676392,0.1,0.01,0.1,0.01818181818181818
S1_2,Series 1,обязательная конфигурация,3,"[784, 100, 50, 10]",normal,sigmoid,zero,32,0.01,2.30319538637797,0.1,0.01,0.1,0.01818181818181818,0.5885324221899634,2.303195400238037,0.1,0.01,0.1,0.01818181818181818
S1_2,Series 1,обязательная конфигурация,4,"[784, 100, 50, 10]",normal,sigmoid,zero,32,0.01,2.3032364358266193,0.1,0.01,0.1,0.01818181818181818,0.5934590015946409,2.303236354827881,0.1,0.01,0.1,0.01818181818181818
S1_2,Series 1,обязательная конфигурация,5,"[784, 100, 50, 10]",normal,sigmoid,zero,32,0.01,2.3028821901957195,0.1,0.01,0.1,0.01818181818181818,0.5902632072604519,2.3028821449279784,0.1,0.01,0.1,0.01818181818181818
S1_2,Series 1,обязательная конфигурация,6,"[784, 100, 50, 10]",normal,sigmoid,zero,32,0.01,2.3034880908966064,0.1,0.01,0.1,0.01818181818181818,0.5923814752630292,2.303487945175171,0.1,0.01,0.1,0.01818181818181818
S1_2,Series 1,обязательная конфигурация,7,"[784, 100, 50, 10]",normal,sigmoid,zero,32,0.01,2.3021907601674396,0.1,0.01,0.1,0.01818181818181818,0.5823877623410939,2.302189179229736,0.1,0.01,0.1,0.01818181818181818
S1_2,Series 1,обязательная конфигурация,8,"[784, 100, 50, 10]",normal,sigmoid,zero,32,0.01,2.3003136469523113,0.1,0.01,0.1,0.01818181818181818,0.5806927217413422,2.3003075714111327,0.1,0.01,0.1,0.01818181818181818
S1_2,Series 1,обязательная конфигурация,9,"[784, 100, 50, 10]",normal,sigmoid,zero,32,0.01,2.2889006801605225,0.1,0.01,0.1,0.01818181818181818,0.578133667119379,2.2888697315216064,0.1,0.01,0.1,0.01818181818181818
S1_2,Series 1,обязательная конфигурация,10,"[784, 100, 50, 10]",normal,sigmoid,zero,32,0.01,2.1172016854604085,0.22218333333333334,0.08145190028531626,0.22218333333333334,0.10782486236075042,0.5907138838697203,2.1170410442352297,0.2229,0.0826301309248619,0.22290000000000001,0.10830460548336676
S1_2,Series 1,обязательная конфигурация,11,"[784, 100, 50, 10]",normal,sigmoid,zero,32,0.01,1.7279724746704102,0.2706,0.2119980579078149,0.2706,0.199559028902968,0.5974790408402123,1.7289769634246825,0.2678,0.206254205644732,0.2678,0.1961033659795257
S1_2,Series 1,обязательная конфигурация,12,"[784, 100, 50, 10]",normal,sigmoid,zero,32,0.01,1.6411819686253866,0.30343333333333333,0.2034877715609691,0.30343333333333333,0.20833824909312443,0.6078276305617941,1.6419810163497925,0.3091,0.2117099630276562,0.3091,0.21394813830935813
S1_2,Series 1,обязательная конфигурация,13,"[784, 100, 50, 10]",normal,sigmoid,zero,32,0.01,1.5842704482396444,0.34225,0.2372851391437969,0.34225,0.26816142762093453,0.6212196134010458,1.5847268812179565,0.3449,0.23855014796289073,0.34490000000000004,0.26978655807689683
S1_2,Series 1,обязательная конфигурация,14,"[784, 100, 50, 10]",normal,sigmoid,zero,32,0.01,1.5051592619578045,0.4016166666666667,0.326365300976994,0.4016166666666667,0.3081350857175874,0.6432576883363317,1.5059882289886475,0.4032,0.32885082632284457,0.4032,0.3109932660264502
S1_2,Series 1,обязательная конфигурация,15,"[784, 100, 50, 10]",normal,sigmoid,zero,32,0.01,1.3627626786549887,0.4871,0.5316480508432004,0.4871,0.4355631271081616,0.653599495142189,1.3656955436706544,0.4851,0.5298487345025861,0.4851,0.43115388795994375
S1_3,Series 1,обязательная конфигурация,1,"[784, 392, 196, 98, 10]",xavier,tanh,zero,32,0.01,0.45992063488960266,0.8393333333333334,0.8385155968616076,0.8393333333333333,0.836716031504996,2.2626192291658507,0.4892232427597046,0.8265,0.8252930774039935,0.8265,0.8239035748811911
S1_3,Series 1,обязательная конфигурация,2,"[784, 392, 196, 98, 10]",xavier,tanh,zero,32,0.01,0.41249066270192464,0.8547333333333333,0.8549979116146822,0.8547333333333332,0.8541615799396963,2.377439130316922,0.44958791885375976,0.8408,0.841147163833319,0.8408000000000001,0.8400627197992815
S1_3,Series 1,обязательная конфигурация,3,"[784, 392, 196, 98, 10]",xavier,tanh,zero,32,0.01,0.3983870120684306,0.85755,0.8607700322076225,0.85755,0.8573612575857563,2.3773200129299825,0.4365161581516266,0.8443,0.8467936415798858,0.8442999999999999,0.8439912458198
S1_3,Series 1,обязательная конфигурация,4,"[784, 392, 196, 98, 10]",xavier,tanh,zero,32,0.01,0.3656150242010752,0.8701,0.8694349511136403,0.8701000000000001,0.8682416904689901,2.392019647984464,0.4092262839794159,0.8534,0.8521080370208415,0.8533999999999999,0.8512974821633351
S1_3,Series 1,обязательная конфигурация,5,"[784, 392, 196, 98, 10]",xavier,tanh,zero,32,0.01,0.36294545491536456,0.8706833333333334,0.8726117446987403,0.8706833333333334,0.8688187152718282,2.38073207260917,0.4107552025318146,0.8528,0.8545121349210824,0.8528,0.8508181271369331
S1_3,Series 1,обязательная конфигурация,6,"[784, 392, 196, 98, 10]",xavier,tanh,zero,32,0.01,0.35949682812690736,0.8707833333333334,0.8741231771208241,0.8707833333333334,0.8679178320281867,2.3996051665178113,0.41000362510681154,0.8541,0.8566466168235181,0.8540999999999999,0.850788355706732
S1_3,Series 1,обязательная конфигурация,7,"[784, 392, 196, 98, 10]",xavier,tanh,zero,32,0.01,0.33610655150413515,0.8792166666666666,0.8791302143465728,0.8792166666666666,0.8787492534783092,2.3642023799195377,0.3893561679840088,0.8615,0.8611744166537664,0.8615,0.8606762314289093
S1_3,Series 1,обязательная конфигурация,8,"[784, 392, 196, 98, 10]",xavier,tanh,zero,32,0.01,0.32781965449651085,0.8821666666666667,0.8830404580879758,0.8821666666666668,0.8804928353432462,2.355918646539907,0.3838256733417511,0.8639,0.8649963149753035,0.8638999999999999,0.8620233525698602
S1_3,Series 1,обязательная конфигурация,9,"[784, 392, 196, 98, 10]",xavier,tanh,zero,32,0.01,0.3138405859629313,0.8867333333333334,0.8861852676665893,0.8867333333333335,0.8862756844761142,2.3724438772103684,0.3720989161491394,0.8641,0.8634769155333311,0.8641,0.863498820493648
S1_3,Series 1,обязательная конфигурация,10,"[784, 392, 196, 98, 10]",xavier,tanh,zero,32,0.01,0.3060745565096537,0.8904333333333333,0.8903938645022234,0.8904333333333334,0.8900666761686251,2.365965548542724,0.365960577917099,0.8701,0.8701033984502076,0.8701000000000001,0.8697278217041348
S1_3,Series 1,обязательная конфигурация,11,"[784, 392, 196, 98, 10]",xavier,tanh,zero,32,0.01,0.3019866644859314,0.8912666666666667,0.8907905009683775,0.8912666666666667,0.8903900667395156,2.363283455133863,0.36305940923690794,0.8699,0.868667753198874,0.8699,0.8687341745479763
S1_3,Series 1,обязательная конфигурация,12,"[784, 392, 196, 98, 10]",xavier,tanh,zero,32,0.01,0.29508045029640195,0.8946333333333333,0.8945588387551944,0.8946333333333334,0.8934009204049748,2.380949815858665,0.3598214143753052,0.8703,0.869465564018012,0.8703,0.8687581866101475
S1_3,Series 1,обязательная конфигурация,13,"[784, 392, 196, 98, 10]",xavier,tanh,zero,32,0.01,0.2871281469980876,0.8973333333333333,0.8971694959953534,0.8973333333333333,0.8962294795753829,2.36972427320576,0.3536170268535614,0.873,0.8721986055281452,0.873,0.8716212865296373
S1_3,Series 1,обязательная конфигурация,14,"[784, 392, 196, 98, 10]",xavier,tanh,zero,32,0.01,0.2829862476348877,0.8973333333333333,0.8982950152800688,0.8973333333333333,0.8975797941143331,2.387590112494921,0.35272298073768615,0.871,0.8721650952218984,0.8710000000000001,0.8712595790398507
S1_3,Series 1,обязательная конфигурация,15,"[784, 392, 196, 98, 10]",xavier,tanh,zero,32,0.01,0.27785709772109984,0.8996666666666666,0.8995795408939475,0.8996666666666668,0.89931290929505,2.389626970270827,0.35027372179031374,0.8756,0.875498970401096,0.8756,0.8751920740747445
S1_4,Series 1,обязательная конфигурация,1,"[784, 392, 196, 98, 49, 25, 10]",kaiming,relu,zero,64,0.01,0.5397837981859843,0.8095833333333333,0.8186456739759042,0.8095833333333333,0.8043338539535337,3.8787313203142557,0.5651018334388733,0.7959,0.8035886094088884,0.7959,0.789818293033066
S1_4,Series 1,обязательная конфигурация,2,"[784, 392, 196, 98, 49, 25, 10]",kaiming,relu,zero,64,0.01,0.48463893427848814,0.82735,0.841299909551015,0.8273499999999998,0.8240273230790646,3.7847908801498518,0.5213405554771423,0.812,0.8237609993687034,0.8119999999999999,0.8081405211918504
S1_4,Series 1,обязательная конфигурация,3,"[784, 392, 196, 98, 49, 25, 10]",kaiming,relu,zero,64,0.01,0.5008359639485677,0.8188666666666666,0.8379685301945485,0.8188666666666666,0.8190633279557916,3.6306411306324327,0.5402654693603516,0.8075,0.8293607671770408,0.8074999999999999,0.807953835396073
S1_4,Series 1,обязательная конфигурация,4,"[784, 392, 196, 98, 49, 25, 10]",kaiming,relu,zero,64,0.01,0.38220980377197267,0.8636166666666667,0.8654285985551338,0.8636166666666666,0.8599867045763695,3.4564537665745956,0.42592602744102476,0.8466,0.8470942122920059,0.8466000000000001,0.8424657717961898
S1_4,Series 1,обязательная конфигурация,5,"[784, 392, 196, 98, 49, 25, 10]",kaiming,relu,zero,64,0.01,0.3698107075373332,0.8680166666666667,0.8711244903487376,0.8680166666666667,0.8658003130899404,3.369941482986155,0.42039128193855285,0.8475,0.8491611364738386,0.8474999999999999,0.8445802415708276
S1_4,Series 1,обязательная конфигурация,6,"[784, 392, 196, 98, 49, 25, 10]",kaiming,relu,zero,64,0.01,0.38179473414421083,0.8636166666666667,0.8708025050203295,0.8636166666666668,0.8574026061139246,3.3084573647100965,0.44008132619857787,0.8451,0.8527854157310667,0.8451000000000001,0.8379110022007833
S1_4,Series 1,обязательная конфигурация,7,"[784, 392, 196, 98, 49, 25, 10]",kaiming,relu,zero,64,0.01,0.328289079729716,0.88295,0.8841064631720036,0.8829499999999999,0.8826783370510005,3.217232492836519,0.38864704380035403,0.8641,0.8648797237167015,0.8641,0.863575821859324
S1_4,Series 1,обязательная конфигурация,8,"[784, 392, 196, 98, 49, 25, 10]",kaiming,relu,zero,64,0.01,0.3173717218875885,0.8856333333333334,0.8879081657892197,0.8856333333333334,0.8854838076392832,3.2176724629154116,0.38300151143074035,0.8616,0.8643926260897474,0.8615999999999999,0.8615027309899723
S1_4,Series 1,обязательная конфигурация,9,"[784, 392, 196, 98, 49, 25, 10]",kaiming,relu,zero,64,0.01,0.3047147962888082,0.88885,0.890677840150657,0.88885,0.8869021725364423,3.2136884669831023,0.3751107571125031,0.8652,0.8661909052998655,0.8652,0.8628733042602039
S1_4,Series 1,обязательная конфигурация,10,"[784, 392, 196, 98, 49, 25, 10]",kaiming,relu,zero,64,0.01,0.2969509701569875,0.89175,0.8940982167588098,0.89175,0.8896723169422923,3.2003664419354143,0.3724469352245331,0.8657,0.8669766927178791,0.8657,0.8629049873539477
S1_4,Series 1,обязательная конфигурация,11,"[784, 392, 196, 98, 49, 25, 10]",kaiming,relu,zero,64,0.01,0.285860039917628,0.8958,0.8977165378881408,0.8958,0.8929779041900838,3.2010666047756646,0.3689010534763336,0.8687,0.8688332094207267,0.8686999999999999,0.8647373921833506
S1_4,Series 1,обязательная конфигурация,12,"[784, 392, 196, 98, 49, 25, 10]",kaiming,relu,zero,64,0.01,0.2872082230567932,0.8948333333333334,0.8979818664061865,0.8948333333333333,0.891267401192264,3.22814613440483,0.3725895212650299,0.8678,0.8697085969274498,0.8677999999999999,0.8630567247501533
S1_4,Series 1,обязательная конфигурация,13,"[784, 392, 196, 98, 49, 25, 10]",kaiming,relu,zero,64,0.01,0.2578979321638743,0.90765,0.9079470158471405,0.9076500000000001,0.9068767973030468,3.242996759437315,0.34614649143218995,0.8767,0.876884273684794,0.8766999999999999,0.8755540427777768
S1_4,Series 1,обязательная конфигурация,14,"[784, 392, 196, 98, 49, 25, 10]",kaiming,relu,zero,64,0.01,0.2540848265012105,0.9076833333333333,0.9076914936390448,0.9076833333333333,0.9068106505629452,3.2552811836099527,0.3482031458854675,0.8774,0.8771052747233256,0.8774000000000001,0.8761559560685697
S1_4,Series 1,обязательная конфигурация,15,"[784, 392, 196, 98, 49, 25, 10]",kaiming,relu,zero,64,0.01,0.24942684502601623,0.9096166666666666,0.910746369259088,0.9096166666666665,0.909925512369421,3.273107009536533,0.3497355266571045,0.8779,0.8794304046955483,0.8779,0.87845354612157
H1_sigmoid,H1,эксперимент: sigmoid,1,"[784, 392, 196, 98, 10]",xavier,sigmoid,zero,32,0.01,2.228667764409383,0.25716666666666665,0.27749486050063327,0.25716666666666665,0.17428999747388516,0.9714652664464893,2.2288471660614015,0.2587,0.28374239504516197,0.2587,0.17646827906649337
H1_sigmoid,H1,эксперимент: sigmoid,2,"[784, 392, 196, 98, 10]",xavier,sigmoid,zero,32,0.01,1.7630598630905152,0.42496666666666666,0.32324068774242865,0.4249666666666667,0.3176708230899089,0.972802362092208,1.7642105314254761,0.4251,0.3241250737469654,0.42510000000000003,0.318515092824304
H1_sigmoid,H1,эксперимент: sigmoid,3,"[784, 392, 196, 98, 10]",xavier,sigmoid,zero,32,0.01,1.2971224103927612,0.57185,0.5611530771827958,0.57185,0.5319749555288655,0.89962158522688,1.3003462785720825,0.5691,0.5566381594695853,0.5690999999999999,0.5272053500581416
H1_sigmoid,H1,эксперимент: sigmoid,4,"[784, 392, 196, 98, 10]",xavier,sigmoid,zero,32,0.01,1.0987802691777546,0.6062333333333333,0.5994680836432875,0.6062333333333333,0.5807551814110631,0.8706814922295166,1.10281302318573,0.6025,0.5966843904295567,0.6025,0.5769460359589185
H1_sigmoid,H1,эксперимент: sigmoid,5,"[784, 392, 196, 98, 10]",xavier,sigmoid,zero,32,0.01,0.9859934233665466,0.636,0.6266651178874134,0.636,0.6215385818460861,0.8529920118923187,0.993293007850647,0.6322,0.624117742405009,0.6321999999999999,0.6170372781821226
H1_sigmoid,H1,эксперимент: sigmoid,6,"[784, 392, 196, 98, 10]",xavier,sigmoid,zero,32,0.01,0.9061375282287598,0.6594166666666667,0.6181967149184604,0.6594166666666668,0.6268214036784372,0.8514432378683185,0.914064347743988,0.6594,0.6194551683020417,0.6594,0.6270194831964655
H1_sigmoid,H1,эксперимент: sigmoid,7,"[784, 392, 196, 98, 10]",xavier,sigmoid,zero,32,0.01,0.83883935658137,0.7009833333333333,0.7025053205460456,0.7009833333333333,0.6975906922785268,0.8490326808474236,0.8480275198936462,0.6935,0.6985199638923669,0.6935,0.6912652521911103
H1_sigmoid,H1,эксперимент: sigmoid,8,"[784, 392, 196, 98, 10]",xavier,sigmoid,zero,32,0.01,0.783006202507019,0.7084666666666667,0.7141756610033605,0.7084666666666667,0.6920209578212024,0.847105251649503,0.7949241646766663,0.7047,0.7139616945008946,0.7047,0.6880769066357432
H1_sigmoid,H1,эксперимент: sigmoid,9,"[784, 392, 196, 98, 10]",xavier,sigmoid,zero,32,0.01,0.7374455352465311,0.7377833333333333,0.7344357918044861,0.7377833333333335,0.7330864031285056,0.8628224825925931,0.751778120136261,0.7352,0.7320685082929902,0.7352000000000001,0.7307983184948823
H1_sigmoid,H1,эксперимент: sigmoid,10,"[784, 392, 196, 98, 10]",xavier,sigmoid,zero,32,0.01,0.702178883266449,0.7454166666666666,0.7360555602272121,0.7454166666666666,0.7376606168461762,0.8786769492073668,0.7189573355674743,0.7429,0.7333873379398839,0.7429,0.7350881031455689
H1_sigmoid,H1,эксперимент: sigmoid,11,"[784, 392, 196, 98, 10]",xavier,sigmoid,zero,32,0.01,0.6742955059369405,0.7543666666666666,0.7478969792170318,0.7543666666666666,0.7494309105981788,0.8854923021271344,0.6919962467193603,0.7479,0.7421663723084814,0.7478999999999999,0.7437337421503535
H1_sigmoid,H1,эксперимент: sigmoid,12,"[784, 392, 196, 98, 10]",xavier,sigmoid,zero,32,0.01,0.6524131544113159,0.7568333333333334,0.7431613675440575,0.7568333333333332,0.7425625861381153,0.8964043322674292,0.6712754933357239,0.7507,0.7355144817815715,0.7507000000000001,0.7368109602599675
H1_sigmoid,H1,эксперимент: sigmoid,13,"[784, 392, 196, 98, 10]",xavier,sigmoid,zero,32,0.01,0.6316459867159525,0.7690666666666667,0.7612686961408258,0.7690666666666667,0.7622214319201289,0.9099383819118928,0.6514998550415039,0.762,0.7548918553265986,0.762,0.756199846333779
H1_sigmoid,H1,эксперимент: sigmoid,14,"[784, 392, 196, 98, 10]",xavier,sigmoid,zero,32,0.01,0.6152896599133809,0.7756,0.7724509384479196,0.7756000000000001,0.7732912175823544,0.9141646222173565,0.637118420791626,0.7694,0.767735033454876,0.7694000000000001,0.7680085657182382
H1_sigmoid,H1,эксперимент: sigmoid,15,"[784, 392, 196, 98, 10]",xavier,sigmoid,zero,32,0.01,0.5992630788485209,0.7809,0.7733808703830423,0.7809,0.7728715305595275,0.9352319444744535,0.6204812966346741,0.7737,0.7668513438970719,0.7737,0.7669394968255807
H1_tanh_reuse_S1_3,H1,контроль: tanh; переиспользован S1_3,1,"[784, 392, 196, 98, 10]",xavier,tanh,zero,32,0.01,0.45992063488960266,0.8393333333333334,0.8385155968616076,0.8393333333333333,0.836716031504996,2.2626192291658507,0.4892232427597046,0.8265,0.8252930774039935,0.8265,0.8239035748811911
H1_tanh_reuse_S1_3,H1,контроль: tanh; переиспользован S1_3,2,"[784, 392, 196, 98, 10]",xavier,tanh,zero,32,0.01,0.41249066270192464,0.8547333333333333,0.8549979116146822,0.8547333333333332,0.8541615799396963,2.377439130316922,0.44958791885375976,0.8408,0.841147163833319,0.8408000000000001,0.8400627197992815
H1_tanh_reuse_S1_3,H1,контроль: tanh; переиспользован S1_3,3,"[784, 392, 196, 98, 10]",xavier,tanh,zero,32,0.01,0.3983870120684306,0.85755,0.8607700322076225,0.85755,0.8573612575857563,2.3773200129299825,0.4365161581516266,0.8443,0.8467936415798858,0.8442999999999999,0.8439912458198
H1_tanh_reuse_S1_3,H1,контроль: tanh; переиспользован S1_3,4,"[784, 392, 196, 98, 10]",xavier,tanh,zero,32,0.01,0.3656150242010752,0.8701,0.8694349511136403,0.8701000000000001,0.8682416904689901,2.392019647984464,0.4092262839794159,0.8534,0.8521080370208415,0.8533999999999999,0.8512974821633351
H1_tanh_reuse_S1_3,H1,контроль: tanh; переиспользован S1_3,5,"[784, 392, 196, 98, 10]",xavier,tanh,zero,32,0.01,0.36294545491536456,0.8706833333333334,0.8726117446987403,0.8706833333333334,0.8688187152718282,2.38073207260917,0.4107552025318146,0.8528,0.8545121349210824,0.8528,0.8508181271369331
H1_tanh_reuse_S1_3,H1,контроль: tanh; переиспользован S1_3,6,"[784, 392, 196, 98, 10]",xavier,tanh,zero,32,0.01,0.35949682812690736,0.8707833333333334,0.8741231771208241,0.8707833333333334,0.8679178320281867,2.3996051665178113,0.41000362510681154,0.8541,0.8566466168235181,0.8540999999999999,0.850788355706732
H1_tanh_reuse_S1_3,H1,контроль: tanh; переиспользован S1_3,7,"[784, 392, 196, 98, 10]",xavier,tanh,zero,32,0.01,0.33610655150413515,0.8792166666666666,0.8791302143465728,0.8792166666666666,0.8787492534783092,2.3642023799195377,0.3893561679840088,0.8615,0.8611744166537664,0.8615,0.8606762314289093
H1_tanh_reuse_S1_3,H1,контроль: tanh; переиспользован S1_3,8,"[784, 392, 196, 98, 10]",xavier,tanh,zero,32,0.01,0.32781965449651085,0.8821666666666667,0.8830404580879758,0.8821666666666668,0.8804928353432462,2.355918646539907,0.3838256733417511,0.8639,0.8649963149753035,0.8638999999999999,0.8620233525698602
H1_tanh_reuse_S1_3,H1,контроль: tanh; переиспользован S1_3,9,"[784, 392, 196, 98, 10]",xavier,tanh,zero,32,0.01,0.3138405859629313,0.8867333333333334,0.8861852676665893,0.8867333333333335,0.8862756844761142,2.3724438772103684,0.3720989161491394,0.8641,0.8634769155333311,0.8641,0.863498820493648
H1_tanh_reuse_S1_3,H1,контроль: tanh; переиспользован S1_3,10,"[784, 392, 196, 98, 10]",xavier,tanh,zero,32,0.01,0.3060745565096537,0.8904333333333333,0.8903938645022234,0.8904333333333334,0.8900666761686251,2.365965548542724,0.365960577917099,0.8701,0.8701033984502076,0.8701000000000001,0.8697278217041348
H1_tanh_reuse_S1_3,H1,контроль: tanh; переиспользован S1_3,11,"[784, 392, 196, 98, 10]",xavier,tanh,zero,32,0.01,0.3019866644859314,0.8912666666666667,0.8907905009683775,0.8912666666666667,0.8903900667395156,2.363283455133863,0.36305940923690794,0.8699,0.868667753198874,0.8699,0.8687341745479763
H1_tanh_reuse_S1_3,H1,контроль: tanh; переиспользован S1_3,12,"[784, 392, 196, 98, 10]",xavier,tanh,zero,32,0.01,0.29508045029640195,0.8946333333333333,0.8945588387551944,0.8946333333333334,0.8934009204049748,2.380949815858665,0.3598214143753052,0.8703,0.869465564018012,0.8703,0.8687581866101475
H1_tanh_reuse_S1_3,H1,контроль: tanh; переиспользован S1_3,13,"[784, 392, 196, 98, 10]",xavier,tanh,zero,32,0.01,0.2871281469980876,0.8973333333333333,0.8971694959953534,0.8973333333333333,0.8962294795753829,2.36972427320576,0.3536170268535614,0.873,0.8721986055281452,0.873,0.8716212865296373
H1_tanh_reuse_S1_3,H1,контроль: tanh; переиспользован S1_3,14,"[784, 392, 196, 98, 10]",xavier,tanh,zero,32,0.01,0.2829862476348877,0.8973333333333333,0.8982950152800688,0.8973333333333333,0.8975797941143331,2.387590112494921,0.35272298073768615,0.871,0.8721650952218984,0.8710000000000001,0.8712595790398507
H1_tanh_reuse_S1_3,H1,контроль: tanh; переиспользован S1_3,15,"[784, 392, 196, 98, 10]",xavier,tanh,zero,32,0.01,0.27785709772109984,0.8996666666666666,0.8995795408939475,0.8996666666666668,0.89931290929505,2.389626970270827,0.35027372179031374,0.8756,0.875498970401096,0.8756,0.8751920740747445
H1_relu,H1,эксперимент: ReLU,1,"[784, 392, 196, 98, 10]",xavier,relu,zero,32,0.01,0.4775286035060883,0.8348833333333333,0.8355723346950079,0.8348833333333333,0.8327665962843656,3.5311020391528545,0.504961372756958,0.8243,0.823755808169375,0.8242999999999998,0.8219878610848704
H1_relu,H1,эксперимент: ReLU,2,"[784, 392, 196, 98, 10]",xavier,relu,zero,32,0.01,0.41965071029663087,0.8544833333333334,0.8549703009445757,0.8544833333333333,0.8532794562970365,3.414975555632085,0.4556961998462677,0.8384,0.8392669350812649,0.8384,0.8372029318393327
H1_relu,H1,эксперимент: ReLU,3,"[784, 392, 196, 98, 10]",xavier,relu,zero,32,0.01,0.40329825994173685,0.8574166666666667,0.8622091732935427,0.8574166666666667,0.8568644019135307,3.202363791027083,0.44324374289512636,0.842,0.8460708653215219,0.842,0.8412503357135457
H1_relu,H1,эксперимент: ReLU,4,"[784, 392, 196, 98, 10]",xavier,relu,zero,32,0.01,0.36646747279167174,0.8715833333333334,0.8725965689981855,0.8715833333333334,0.8699705135525978,3.1122444586754754,0.4120575313091278,0.8529,0.8534596319785921,0.8529,0.8510970119373452
H1_relu,H1,эксперимент: ReLU,5,"[784, 392, 196, 98, 10]",xavier,relu,zero,32,0.01,0.3495027684688568,0.8763833333333333,0.8776037586091711,0.8763833333333334,0.8748561695172077,3.0559313161113955,0.40056378183364866,0.8579,0.8582900499710722,0.8578999999999999,0.8558618187613222
H1_relu,H1,эксперимент: ReLU,6,"[784, 392, 196, 98, 10]",xavier,relu,zero,32,0.01,0.3538276914914449,0.8738166666666667,0.879647150170326,0.8738166666666667,0.8699019397978536,3.020044259835479,0.409643544960022,0.8525,0.8558742869990507,0.8525,0.8478366440732567
H1_relu,H1,эксперимент: ReLU,7,"[784, 392, 196, 98, 10]",xavier,relu,zero,32,0.01,0.3243217303911845,0.8837666666666667,0.8848261923631094,0.8837666666666666,0.8832355051299061,2.9787274373617736,0.3803232148170471,0.8648,0.865414927298785,0.8648000000000001,0.8638707265460919
H1_relu,H1,эксперимент: ReLU,8,"[784, 392, 196, 98, 10]",xavier,relu,zero,32,0.01,0.3050925329049428,0.8892666666666666,0.8900534022778427,0.8892666666666666,0.8882974044053293,2.9639798435927203,0.3674240779876709,0.8674,0.8680853376674269,0.8674,0.8664018014816405
H1_relu,H1,эксперимент: ReLU,9,"[784, 392, 196, 98, 10]",xavier,relu,zero,32,0.01,0.2907212716261546,0.8955833333333333,0.8950831999628648,0.8955833333333333,0.8946822116351638,2.972370865762258,0.35756363801956176,0.869,0.8684502233941827,0.8690000000000001,0.8679163437952333
H1_relu,H1,эксперимент: ReLU,10,"[784, 392, 196, 98, 10]",xavier,relu,zero,32,0.01,0.27896372213363646,0.89965,0.8996971513170307,0.89965,0.8993933294353491,2.9825396799610444,0.34991281394958496,0.8732,0.8729560638811957,0.8732,0.8727342940905135
H1_relu,H1,эксперимент: ReLU,11,"[784, 392, 196, 98, 10]",xavier,relu,zero,32,0.01,0.277920618613561,0.8985166666666666,0.8983834475279778,0.8985166666666666,0.8973243456548683,3.008896773593639,0.3511060537338257,0.8722,0.8712767251169506,0.8722,0.8705767595846036
H1_relu,H1,эксперимент: ReLU,12,"[784, 392, 196, 98, 10]",xavier,relu,zero,32,0.01,0.2646336541811625,0.9048666666666667,0.9048212617913363,0.9048666666666667,0.9038525869940454,3.038291789263587,0.3436965521335602,0.8765,0.87582936949967,0.8765000000000001,0.8752480805492336
H1_relu,H1,эксперимент: ReLU,13,"[784, 392, 196, 98, 10]",xavier,relu,zero,32,0.01,0.2532406542301178,0.9092666666666667,0.9090683716024237,0.9092666666666667,0.9084156291870764,3.0612627365902667,0.3340989164352417,0.8786,0.8779295123889833,0.8785999999999999,0.8773874882746263
H1_relu,H1,эксперимент: ReLU,14,"[784, 392, 196, 98, 10]",xavier,relu,zero,32,0.01,0.244370326089859,0.91205,0.9117105818380848,0.91205,0.9117610872515012,3.066222109430222,0.32975779838562014,0.88,0.8796359569481702,0.8800000000000001,0.8796220708056784
H1_relu,H1,эксперимент: ReLU,15,"[784, 392, 196, 98, 10]",xavier,relu,zero,32,0.01,0.24154183421134948,0.9131333333333334,0.912948025971861,0.9131333333333334,0.9127765059085199,3.086234523143371,0.33102438769340514,0.8823,0.8820446937277729,0.8823000000000001,0.8819602169205352
H4_bias_zero_reuse_S1_4,H4,контроль: b=0; переиспользован S1_4,1,"[784, 392, 196, 98, 49, 25, 10]",kaiming,relu,zero,64,0.01,0.5397837981859843,0.8095833333333333,0.8186456739759042,0.8095833333333333,0.8043338539535337,3.8787313203142557,0.5651018334388733,0.7959,0.8035886094088884,0.7959,0.789818293033066
H4_bias_zero_reuse_S1_4,H4,контроль: b=0; переиспользован S1_4,2,"[784, 392, 196, 98, 49, 25, 10]",kaiming,relu,zero,64,0.01,0.48463893427848814,0.82735,0.841299909551015,0.8273499999999998,0.8240273230790646,3.7847908801498518,0.5213405554771423,0.812,0.8237609993687034,0.8119999999999999,0.8081405211918504
H4_bias_zero_reuse_S1_4,H4,контроль: b=0; переиспользован S1_4,3,"[784, 392, 196, 98, 49, 25, 10]",kaiming,relu,zero,64,0.01,0.5008359639485677,0.8188666666666666,0.8379685301945485,0.8188666666666666,0.8190633279557916,3.6306411306324327,0.5402654693603516,0.8075,0.8293607671770408,0.8074999999999999,0.807953835396073
H4_bias_zero_reuse_S1_4,H4,контроль: b=0; переиспользован S1_4,4,"[784, 392, 196, 98, 49, 25, 10]",kaiming,relu,zero,64,0.01,0.38220980377197267,0.8636166666666667,0.8654285985551338,0.8636166666666666,0.8599867045763695,3.4564537665745956,0.42592602744102476,0.8466,0.8470942122920059,0.8466000000000001,0.8424657717961898
H4_bias_zero_reuse_S1_4,H4,контроль: b=0; переиспользован S1_4,5,"[784, 392, 196, 98, 49, 25, 10]",kaiming,relu,zero,64,0.01,0.3698107075373332,0.8680166666666667,0.8711244903487376,0.8680166666666667,0.8658003130899404,3.369941482986155,0.42039128193855285,0.8475,0.8491611364738386,0.8474999999999999,0.8445802415708276
H4_bias_zero_reuse_S1_4,H4,контроль: b=0; переиспользован S1_4,6,"[784, 392, 196, 98, 49, 25, 10]",kaiming,relu,zero,64,0.01,0.38179473414421083,0.8636166666666667,0.8708025050203295,0.8636166666666668,0.8574026061139246,3.3084573647100965,0.44008132619857787,0.8451,0.8527854157310667,0.8451000000000001,0.8379110022007833
H4_bias_zero_reuse_S1_4,H4,контроль: b=0; переиспользован S1_4,7,"[784, 392, 196, 98, 49, 25, 10]",kaiming,relu,zero,64,0.01,0.328289079729716,0.88295,0.8841064631720036,0.8829499999999999,0.8826783370510005,3.217232492836519,0.38864704380035403,0.8641,0.8648797237167015,0.8641,0.863575821859324
H4_bias_zero_reuse_S1_4,H4,контроль: b=0; переиспользован S1_4,8,"[784, 392, 196, 98, 49, 25, 10]",kaiming,relu,zero,64,0.01,0.3173717218875885,0.8856333333333334,0.8879081657892197,0.8856333333333334,0.8854838076392832,3.2176724629154116,0.38300151143074035,0.8616,0.8643926260897474,0.8615999999999999,0.8615027309899723
H4_bias_zero_reuse_S1_4,H4,контроль: b=0; переиспользован S1_4,9,"[784, 392, 196, 98, 49, 25, 10]",kaiming,relu,zero,64,0.01,0.3047147962888082,0.88885,0.890677840150657,0.88885,0.8869021725364423,3.2136884669831023,0.3751107571125031,0.8652,0.8661909052998655,0.8652,0.8628733042602039
H4_bias_zero_reuse_S1_4,H4,контроль: b=0; переиспользован S1_4,10,"[784, 392, 196, 98, 49, 25, 10]",kaiming,relu,zero,64,0.01,0.2969509701569875,0.89175,0.8940982167588098,0.89175,0.8896723169422923,3.2003664419354143,0.3724469352245331,0.8657,0.8669766927178791,0.8657,0.8629049873539477
H4_bias_zero_reuse_S1_4,H4,контроль: b=0; переиспользован S1_4,11,"[784, 392, 196, 98, 49, 25, 10]",kaiming,relu,zero,64,0.01,0.285860039917628,0.8958,0.8977165378881408,0.8958,0.8929779041900838,3.2010666047756646,0.3689010534763336,0.8687,0.8688332094207267,0.8686999999999999,0.8647373921833506
H4_bias_zero_reuse_S1_4,H4,контроль: b=0; переиспользован S1_4,12,"[784, 392, 196, 98, 49, 25, 10]",kaiming,relu,zero,64,0.01,0.2872082230567932,0.8948333333333334,0.8979818664061865,0.8948333333333333,0.891267401192264,3.22814613440483,0.3725895212650299,0.8678,0.8697085969274498,0.8677999999999999,0.8630567247501533
H4_bias_zero_reuse_S1_4,H4,контроль: b=0; переиспользован S1_4,13,"[784, 392, 196, 98, 49, 25, 10]",kaiming,relu,zero,64,0.01,0.2578979321638743,0.90765,0.9079470158471405,0.9076500000000001,0.9068767973030468,3.242996759437315,0.34614649143218995,0.8767,0.876884273684794,0.8766999999999999,0.8755540427777768
H4_bias_zero_reuse_S1_4,H4,контроль: b=0; переиспользован S1_4,14,"[784, 392, 196, 98, 49, 25, 10]",kaiming,relu,zero,64,0.01,0.2540848265012105,0.9076833333333333,0.9076914936390448,0.9076833333333333,0.9068106505629452,3.2552811836099527,0.3482031458854675,0.8774,0.8771052747233256,0.8774000000000001,0.8761559560685697
H4_bias_zero_reuse_S1_4,H4,контроль: b=0; переиспользован S1_4,15,"[784, 392, 196, 98, 49, 25, 10]",kaiming,relu,zero,64,0.01,0.24942684502601623,0.9096166666666666,0.910746369259088,0.9096166666666665,0.909925512369421,3.273107009536533,0.3497355266571045,0.8779,0.8794304046955483,0.8779,0.87845354612157
H4_bias_random,H4,"эксперимент: b ~ N(0, 0.01)",1,"[784, 392, 196, 98, 49, 25, 10]",kaiming,relu,random,64,0.01,0.5076421731789906,0.8223,0.8279419090526853,0.8223,0.8184012059276757,4.378882451539867,0.5334500846862793,0.8103,0.8154979311456942,0.8103,0.8063294212755293
H4_bias_random,H4,"эксперимент: b ~ N(0, 0.01)",2,"[784, 392, 196, 98, 49, 25, 10]",kaiming,relu,random,64,0.01,0.4606781279246012,0.8338,0.8450087200886827,0.8337999999999999,0.8312100523721787,3.8300458225862,0.4954954837799072,0.8207,0.8322517664004282,0.8206999999999999,0.817730303526341
H4_bias_random,H4,"эксперимент: b ~ N(0, 0.01)",3,"[784, 392, 196, 98, 49, 25, 10]",kaiming,relu,random,64,0.01,0.44429500694274904,0.8408333333333333,0.8558826768560739,0.8408333333333335,0.8418482589263199,3.5170269467347,0.4893899781227112,0.823,0.8393627415871965,0.8229999999999998,0.8237262291787726
H4_bias_random,H4,"эксперимент: b ~ N(0, 0.01)",4,"[784, 392, 196, 98, 49, 25, 10]",kaiming,relu,random,64,0.01,0.40172507349650066,0.8559666666666667,0.8639374116122488,0.8559666666666667,0.8500301970415265,3.448216307733769,0.4495263484954834,0.8383,0.8451201758801371,0.8382999999999999,0.8316057647847925
H4_bias_random,H4,"эксперимент: b ~ N(0, 0.01)",5,"[784, 392, 196, 98, 49, 25, 10]",kaiming,relu,random,64,0.01,0.3558221971988678,0.8719,0.8733544597600332,0.8718999999999999,0.8707044400849423,3.3440793547087675,0.40935302114486694,0.8512,0.8521388716278523,0.8512000000000001,0.8499507723716266
H4_bias_random,H4,"эксперимент: b ~ N(0, 0.01)",6,"[784, 392, 196, 98, 49, 25, 10]",kaiming,relu,random,64,0.01,0.36899856411616005,0.8677833333333334,0.8763433362559653,0.8677833333333334,0.8606652650169403,3.307490126183934,0.4268405771255493,0.8464,0.852486830631672,0.8464,0.8388320803579636
H4_bias_random,H4,"эксперимент: b ~ N(0, 0.01)",7,"[784, 392, 196, 98, 49, 25, 10]",kaiming,relu,random,64,0.01,0.3232056385676066,0.8828,0.8837406506551788,0.8827999999999999,0.8824319515095477,3.1807175143276,0.3887881070613861,0.8639,0.8648809006164792,0.8639000000000001,0.8633041188407271
H4_bias_random,H4,"эксперимент: b ~ N(0, 0.01)",8,"[784, 392, 196, 98, 49, 25, 10]",kaiming,relu,random,64,0.01,0.3194554922580719,0.8832333333333333,0.8866728493696975,0.8832333333333333,0.8832443988643852,3.1869353589197105,0.38835885376930235,0.862,0.8660634051639523,0.8619999999999999,0.8620668773038958
H4_bias_random,H4,"эксперимент: b ~ N(0, 0.01)",9,"[784, 392, 196, 98, 49, 25, 10]",kaiming,relu,random,64,0.01,0.2968263758977254,0.8921,0.8925442446579147,0.8921000000000001,0.8902059003397179,3.1802536091135556,0.37116634006500243,0.8683,0.8684271699355515,0.8683,0.8663268862443525
H4_bias_random,H4,"эксперимент: b ~ N(0, 0.01)",10,"[784, 392, 196, 98, 49, 25, 10]",kaiming,relu,random,64,0.01,0.2905715388615926,0.8930666666666667,0.8954546009555842,0.8930666666666666,0.8907949777346195,3.15968034780547,0.36607498579025266,0.868,0.8688269776804152,0.868,0.8649559816941451
H4_bias_random,H4,"эксперимент: b ~ N(0, 0.01)",11,"[784, 392, 196, 98, 49, 25, 10]",kaiming,relu,random,64,0.01,0.29672517994244896,0.8912,0.8950040736829443,0.8911999999999999,0.8877544652763942,3.16073183108193,0.3789282917022705,0.8664,0.8687791275870458,0.8664,0.8619207168603188
H4_bias_random,H4,"эксперимент: b ~ N(0, 0.01)",12,"[784, 392, 196, 98, 49, 25, 10]",kaiming,relu,random,64,0.01,0.2694733891805013,0.9019,0.9026900335018688,0.9019,0.899734199193251,3.2029982800764243,0.3577115996837616,0.874,0.8739155014905844,0.8739999999999999,0.8710127598423861
H4_bias_random,H4,"эксперимент: b ~ N(0, 0.01)",13,"[784, 392, 196, 98, 49, 25, 10]",kaiming,relu,random,64,0.01,0.25990004227956137,0.90515,0.9068224026173748,0.9051500000000001,0.903898158201,3.245982812053144,0.3486055296421051,0.8757,0.8767799091460932,0.8756999999999999,0.8739218468628513
H4_bias_random,H4,"эксперимент: b ~ N(0, 0.01)",14,"[784, 392, 196, 98, 49, 25, 10]",kaiming,relu,random,64,0.01,0.2531955386002859,0.9076833333333333,0.9080868992070602,0.9076833333333333,0.907316123563404,3.227270114373256,0.3475744974136353,0.8747,0.8754286843909137,0.8747,0.8740615616872895
H4_bias_random,H4,"эксперимент: b ~ N(0, 0.01)",15,"[784, 392, 196, 98, 49, 25, 10]",kaiming,relu,random,64,0.01,0.23991570103963217,0.91225,0.9124019415518406,0.91225,0.9121858920577207,3.2548255219289417,0.34112832713127134,0.8797,0.8800174167677733,0.8797,0.8796107378763001
H6_batch16,H6,эксперимент: batch=16,1,"[784, 392, 196, 98, 49, 25, 10]",kaiming,relu,zero,16,0.01,0.4142970153490702,0.8511833333333333,0.8569192272475339,0.8511833333333334,0.8463839174304398,5.142547871692929,0.44983952827453616,0.8374,0.8404070739907554,0.8374,0.8321091004554632
H6_batch16,H6,эксперимент: batch=16,2,"[784, 392, 196, 98, 49, 25, 10]",kaiming,relu,zero,16,0.01,0.3577460160732269,0.8678833333333333,0.8755701093262509,0.8678833333333333,0.8690725742432548,4.513757446818859,0.41059801115989686,0.8495,0.8587053428615171,0.8494999999999999,0.8511447437847777
H6_batch16,H6,эксперимент: batch=16,3,"[784, 392, 196, 98, 49, 25, 10]",kaiming,relu,zero,16,0.01,0.3665120112578074,0.8659166666666667,0.8744869189805833,0.8659166666666666,0.8665862895406562,4.310541652656406,0.4273964663028717,0.8466,0.8555993458189975,0.8465999999999999,0.8468419201492658
H6_batch16,H6,эксперимент: batch=16,4,"[784, 392, 196, 98, 49, 25, 10]",kaiming,relu,zero,16,0.01,0.294257000319163,0.8917333333333334,0.8933278799783745,0.8917333333333334,0.8894461770995867,4.226950570933196,0.3641235330581665,0.8665,0.8677186702812767,0.8664999999999999,0.8638833603415959
H6_batch16,H6,эксперимент: batch=16,5,"[784, 392, 196, 98, 49, 25, 10]",kaiming,relu,zero,16,0.01,0.29439446590741475,0.8919,0.895561849717193,0.8919,0.8912794276024382,4.187957687847835,0.3736865179538727,0.8646,0.8679003241592633,0.8645999999999999,0.8636249200496497
H6_batch16,H6,эксперимент: batch=16,6,"[784, 392, 196, 98, 49, 25, 10]",kaiming,relu,zero,16,0.01,0.27800188585917157,0.8963,0.9006860282276505,0.8963000000000001,0.893474986415856,4.176408968336649,0.3599849296569824,0.8678,0.8711507554238308,0.8677999999999999,0.8642682430404491
H6_batch16,H6,эксперимент: batch=16,7,"[784, 392, 196, 98, 49, 25, 10]",kaiming,relu,zero,16,0.01,0.26441853071848553,0.9017666666666667,0.9038085856568481,0.9017666666666667,0.9017487216595239,4.1561842700910665,0.35365083327293395,0.8752,0.8772893183116561,0.8752000000000001,0.8751739880655824
H6_batch16,H6,эксперимент: batch=16,8,"[784, 392, 196, 98, 49, 25, 10]",kaiming,relu,zero,16,0.01,0.24389966179529826,0.90855,0.910592509276247,0.90855,0.9080788235426631,4.161926980394076,0.3428060208797455,0.8744,0.8767099725612919,0.8744,0.873656599625743
H6_batch16,H6,эксперимент: batch=16,9,"[784, 392, 196, 98, 49, 25, 10]",kaiming,relu,zero,16,0.01,0.2306029436826706,0.9149166666666667,0.9143138441829018,0.9149166666666668,0.9140696697085096,4.159046242337175,0.3373155020236969,0.8821,0.8815036547823875,0.8821,0.8811561869230082
H6_batch16,H6,эксперимент: batch=16,10,"[784, 392, 196, 98, 49, 25, 10]",kaiming,relu,zero,16,0.01,0.2176490427573522,0.9191166666666667,0.9198136186780008,0.9191166666666666,0.918792902258456,4.198466269240725,0.336609476852417,0.8814,0.8818209543549231,0.8813999999999999,0.8808055444741549
H6_batch16,H6,эксперимент: batch=16,11,"[784, 392, 196, 98, 49, 25, 10]",kaiming,relu,zero,16,0.01,0.2073847404797872,0.9221,0.9226120176929801,0.9221,0.9211259034441115,4.151076483418168,0.3288772388935089,0.8818,0.8815522550424427,0.8817999999999999,0.880333959259603
H6_batch16,H6,эксперимент: batch=16,12,"[784, 392, 196, 98, 49, 25, 10]",kaiming,relu,zero,16,0.01,0.19866536684830982,0.9259,0.9264163524617084,0.9259000000000001,0.925301582941041,4.199993110762068,0.3355092279911041,0.8845,0.8848733706447078,0.8845000000000001,0.8833387666271912
H6_batch16,H6,эксперимент: batch=16,13,"[784, 392, 196, 98, 49, 25, 10]",kaiming,relu,zero,16,0.01,0.1927454892794291,0.9277166666666666,0.9281949184802771,0.9277166666666666,0.9277248504995901,4.2052117965185305,0.3276783884048462,0.8848,0.8855433889911953,0.8847999999999999,0.8848345942755692
H6_batch16,H6,эксперимент: batch=16,14,"[784, 392, 196, 98, 49, 25, 10]",kaiming,relu,zero,16,0.01,0.20174735940297445,0.92615,0.9259251970696603,0.92615,0.9257081109474766,4.279935456933127,0.3438489375114441,0.8808,0.8801961135814939,0.8808,0.8798340336232714
H6_batch16,H6,эксперимент: batch=16,15,"[784, 392, 196, 98, 49, 25, 10]",kaiming,relu,zero,16,0.01,0.18652786939144134,0.9292333333333334,0.9323127847653054,0.9292333333333334,0.9297567326568152,4.246536989291735,0.3466039138317108,0.8835,0.8870845410335875,0.8835000000000001,0.8842912631572849
H6_batch64_reuse_S1_4,H6,контроль: batch=64; переиспользован S1_4,1,"[784, 392, 196, 98, 49, 25, 10]",kaiming,relu,zero,64,0.01,0.5397837981859843,0.8095833333333333,0.8186456739759042,0.8095833333333333,0.8043338539535337,3.8787313203142557,0.5651018334388733,0.7959,0.8035886094088884,0.7959,0.789818293033066
H6_batch64_reuse_S1_4,H6,контроль: batch=64; переиспользован S1_4,2,"[784, 392, 196, 98, 49, 25, 10]",kaiming,relu,zero,64,0.01,0.48463893427848814,0.82735,0.841299909551015,0.8273499999999998,0.8240273230790646,3.7847908801498518,0.5213405554771423,0.812,0.8237609993687034,0.8119999999999999,0.8081405211918504
H6_batch64_reuse_S1_4,H6,контроль: batch=64; переиспользован S1_4,3,"[784, 392, 196, 98, 49, 25, 10]",kaiming,relu,zero,64,0.01,0.5008359639485677,0.8188666666666666,0.8379685301945485,0.8188666666666666,0.8190633279557916,3.6306411306324327,0.5402654693603516,0.8075,0.8293607671770408,0.8074999999999999,0.807953835396073
H6_batch64_reuse_S1_4,H6,контроль: batch=64; переиспользован S1_4,4,"[784, 392, 196, 98, 49, 25, 10]",kaiming,relu,zero,64,0.01,0.38220980377197267,0.8636166666666667,0.8654285985551338,0.8636166666666666,0.8599867045763695,3.4564537665745956,0.42592602744102476,0.8466,0.8470942122920059,0.8466000000000001,0.8424657717961898
H6_batch64_reuse_S1_4,H6,контроль: batch=64; переиспользован S1_4,5,"[784, 392, 196, 98, 49, 25, 10]",kaiming,relu,zero,64,0.01,0.3698107075373332,0.8680166666666667,0.8711244903487376,0.8680166666666667,0.8658003130899404,3.369941482986155,0.42039128193855285,0.8475,0.8491611364738386,0.8474999999999999,0.8445802415708276
H6_batch64_reuse_S1_4,H6,контроль: batch=64; переиспользован S1_4,6,"[784, 392, 196, 98, 49, 25, 10]",kaiming,relu,zero,64,0.01,0.38179473414421083,0.8636166666666667,0.8708025050203295,0.8636166666666668,0.8574026061139246,3.3084573647100965,0.44008132619857787,0.8451,0.8527854157310667,0.8451000000000001,0.8379110022007833
H6_batch64_reuse_S1_4,H6,контроль: batch=64; переиспользован S1_4,7,"[784, 392, 196, 98, 49, 25, 10]",kaiming,relu,zero,64,0.01,0.328289079729716,0.88295,0.8841064631720036,0.8829499999999999,0.8826783370510005,3.217232492836519,0.38864704380035403,0.8641,0.8648797237167015,0.8641,0.863575821859324
H6_batch64_reuse_S1_4,H6,контроль: batch=64; переиспользован S1_4,8,"[784, 392, 196, 98, 49, 25, 10]",kaiming,relu,zero,64,0.01,0.3173717218875885,0.8856333333333334,0.8879081657892197,0.8856333333333334,0.8854838076392832,3.2176724629154116,0.38300151143074035,0.8616,0.8643926260897474,0.8615999999999999,0.8615027309899723
H6_batch64_reuse_S1_4,H6,контроль: batch=64; переиспользован S1_4,9,"[784, 392, 196, 98, 49, 25, 10]",kaiming,relu,zero,64,0.01,0.3047147962888082,0.88885,0.890677840150657,0.88885,0.8869021725364423,3.2136884669831023,0.3751107571125031,0.8652,0.8661909052998655,0.8652,0.8628733042602039
H6_batch64_reuse_S1_4,H6,контроль: batch=64; переиспользован S1_4,10,"[784, 392, 196, 98, 49, 25, 10]",kaiming,relu,zero,64,0.01,0.2969509701569875,0.89175,0.8940982167588098,0.89175,0.8896723169422923,3.2003664419354143,0.3724469352245331,0.8657,0.8669766927178791,0.8657,0.8629049873539477
H6_batch64_reuse_S1_4,H6,контроль: batch=64; переиспользован S1_4,11,"[784, 392, 196, 98, 49, 25, 10]",kaiming,relu,zero,64,0.01,0.285860039917628,0.8958,0.8977165378881408,0.8958,0.8929779041900838,3.2010666047756646,0.3689010534763336,0.8687,0.8688332094207267,0.8686999999999999,0.8647373921833506
H6_batch64_reuse_S1_4,H6,контроль: batch=64; переиспользован S1_4,12,"[784, 392, 196, 98, 49, 25, 10]",kaiming,relu,zero,64,0.01,0.2872082230567932,0.8948333333333334,0.8979818664061865,0.8948333333333333,0.891267401192264,3.22814613440483,0.3725895212650299,0.8678,0.8697085969274498,0.8677999999999999,0.8630567247501533
H6_batch64_reuse_S1_4,H6,контроль: batch=64; переиспользован S1_4,13,"[784, 392, 196, 98, 49, 25, 10]",kaiming,relu,zero,64,0.01,0.2578979321638743,0.90765,0.9079470158471405,0.9076500000000001,0.9068767973030468,3.242996759437315,0.34614649143218995,0.8767,0.876884273684794,0.8766999999999999,0.8755540427777768
H6_batch64_reuse_S1_4,H6,контроль: batch=64; переиспользован S1_4,14,"[784, 392, 196, 98, 49, 25, 10]",kaiming,relu,zero,64,0.01,0.2540848265012105,0.9076833333333333,0.9076914936390448,0.9076833333333333,0.9068106505629452,3.2552811836099527,0.3482031458854675,0.8774,0.8771052747233256,0.8774000000000001,0.8761559560685697
H6_batch64_reuse_S1_4,H6,контроль: batch=64; переиспользован S1_4,15,"[784, 392, 196, 98, 49, 25, 10]",kaiming,relu,zero,64,0.01,0.24942684502601623,0.9096166666666666,0.910746369259088,0.9096166666666665,0.909925512369421,3.273107009536533,0.3497355266571045,0.8779,0.8794304046955483,0.8779,0.87845354612157
H6_batch256,H6,эксперимент: batch=256,1,"[784, 392, 196, 98, 49, 25, 10]",kaiming,relu,zero,256,0.01,0.7514625046730041,0.75105,0.7556250554858587,0.75105,0.741201654736857,2.194667332152854,0.7716406074523926,0.7399,0.7429899095693638,0.7398999999999999,0.730281458114179
H6_batch256,H6,эксперимент: batch=256,2,"[784, 392, 196, 98, 49, 25, 10]",kaiming,relu,zero,256,0.01,0.6151881488482157,0.7862333333333333,0.7841509191250907,0.7862333333333333,0.7770590465016994,2.9111955834310335,0.6383192116737366,0.7797,0.7753138448933097,0.7797,0.7701561651465967
H6_batch256,H6,эксперимент: batch=256,3,"[784, 392, 196, 98, 49, 25, 10]",kaiming,relu,zero,256,0.01,0.639435542011261,0.7733333333333333,0.7916336183568632,0.7733333333333333,0.7621207266271365,3.057446116512696,0.6634348513603211,0.7621,0.7793021745881813,0.7621,0.7510871055999256
H6_batch256,H6,эксперимент: batch=256,4,"[784, 392, 196, 98, 49, 25, 10]",kaiming,relu,zero,256,0.01,0.5194343358039856,0.8162833333333334,0.8248811106325243,0.8162833333333334,0.8134933819073933,2.997270210603635,0.5463636204719543,0.8026,0.8110370941988719,0.8026,0.7993184874900428
H6_batch256,H6,эксперимент: batch=256,5,"[784, 392, 196, 98, 49, 25, 10]",kaiming,relu,zero,256,0.01,0.515006341044108,0.8191,0.8271785169773376,0.8191,0.8122787425044544,3.052125037293285,0.542059107875824,0.8066,0.8131134828194589,0.8066000000000001,0.8002240117085974
H6_batch256,H6,эксперимент: batch=256,6,"[784, 392, 196, 98, 49, 25, 10]",kaiming,relu,zero,256,0.01,0.599871762307485,0.7968,0.8321703381588103,0.7968,0.7793461826525621,2.9737633934471965,0.6297690468788147,0.787,0.8173777709599672,0.7869999999999999,0.767461535459822
H6_batch256,H6,эксперимент: batch=256,7,"[784, 392, 196, 98, 49, 25, 10]",kaiming,relu,zero,256,0.01,0.4858601307551066,0.8271833333333334,0.8399743233731154,0.8271833333333334,0.8262007306770401,2.8177335302003774,0.5203631076812744,0.8139,0.8276899136557482,0.8139,0.812919627244486
H6_batch256,H6,эксперимент: batch=256,8,"[784, 392, 196, 98, 49, 25, 10]",kaiming,relu,zero,256,0.01,0.45096272597312925,0.8434666666666667,0.8475300386464089,0.8434666666666667,0.8392627099947623,2.87173804137818,0.4853564839839935,0.8296,0.8317216737954499,0.8295999999999999,0.8251063575239639
H6_batch256,H6,эксперимент: batch=256,9,"[784, 392, 196, 98, 49, 25, 10]",kaiming,relu,zero,256,0.01,0.4331287811120351,0.8473833333333334,0.8527565775451045,0.8473833333333334,0.8471558233689349,2.7366388718112495,0.4725964774131775,0.8302,0.8366241614413464,0.8302000000000002,0.8300523776474995
H6_batch256,H6,эксперимент: batch=256,10,"[784, 392, 196, 98, 49, 25, 10]",kaiming,relu,zero,256,0.01,0.4055152778784434,0.8586666666666667,0.8611669925466746,0.8586666666666668,0.8594426048270041,2.6644635633272085,0.44549564232826233,0.8418,0.8445483097672497,0.8417999999999999,0.8426993164603888
H6_batch256,H6,эксперимент: batch=256,11,"[784, 392, 196, 98, 49, 25, 10]",kaiming,relu,zero,256,0.01,0.4004316956996918,0.85955,0.8586948545942119,0.8595499999999999,0.8564056465034598,2.5973896284694042,0.44146960067749025,0.8413,0.839071072221967,0.8413,0.8375235998308265
H6_batch256,H6,эксперимент: batch=256,12,"[784, 392, 196, 98, 49, 25, 10]",kaiming,relu,zero,256,0.01,0.38959364897410076,0.8631333333333333,0.8624629509075042,0.8631333333333334,0.8605457090147117,2.5123854428873704,0.43269322719573977,0.8474,0.8456017382350913,0.8474,0.8442858768698682
H6_batch256,H6,эксперимент: batch=256,13,"[784, 392, 196, 98, 49, 25, 10]",kaiming,relu,zero,256,0.01,0.37931724966367086,0.8661666666666666,0.867265031909989,0.8661666666666668,0.8649441626894573,2.6086705953111435,0.42416813468933107,0.8488,0.8492271555296373,0.8488,0.8472164885828256
H6_batch256,H6,эксперимент: batch=256,14,"[784, 392, 196, 98, 49, 25, 10]",kaiming,relu,zero,256,0.01,0.41935679216384886,0.8549833333333333,0.8623407742977994,0.8549833333333334,0.8471393668722781,2.6806228621396944,0.4667326777935028,0.8402,0.84512139387447,0.8402,0.8319878474175948
H6_batch256,H6,эксперимент: batch=256,15,"[784, 392, 196, 98, 49, 25, 10]",kaiming,relu,zero,256,0.01,0.3657494282404582,0.8716,0.8705511025675167,0.8715999999999999,0.8699547847595059,2.64023155250108,0.4140409050941467,0.8534,0.8516594725720535,0.8534,0.8515419684782575
