experiment,hypothesis,role,architecture,init,weight_init_std,activation,bias_init,bias_init_std,batch,lr,epochs,train_loss,train_accuracy,train_precision,train_recall,train_f1,val_loss,val_accuracy,val_precision,val_recall,val_f1,grad_l2,conclusion
S1_1,Series 1,обязательная конфигурация,"[784, 100, 50, 10]",normal,0.01,sigmoid,zero,,16,0.1,35,0.1953698722600937,0.9292,0.9295621332921666,0.9292000000000001,0.9291488805723466,0.3308512454032898,0.8859,0.8867778439157865,0.8859,0.8859398524758542,0.9763207376985987,обязательная конфигурация
S1_2,Series 1,обязательная конфигурация,"[784, 100, 50, 10]",normal,0.01,sigmoid,zero,,32,0.01,15,1.3627626786549887,0.4871,0.5316480508432004,0.4871,0.4355631271081616,1.3656955436706544,0.4851,0.5298487345025861,0.4851,0.43115388795994375,0.653599495142189,обязательная конфигурация
S1_3,Series 1,обязательная конфигурация,"[784, 392, 196, 98, 10]",xavier,,tanh,zero,,32,0.01,15,0.27785709772109984,0.8996666666666666,0.8995795408939475,0.8996666666666668,0.89931290929505,0.35027372179031374,0.8756,0.875498970401096,0.8756,0.8751920740747445,2.389626970270827,обязательная конфигурация
S1_4,Series 1,обязательная конфигурация,"[784, 392, 196, 98, 49, 25, 10]",kaiming,,relu,zero,,64,0.01,15,0.24942684502601623,0.9096166666666666,0.910746369259088,0.9096166666666665,0.909925512369421,0.3497355266571045,0.8779,0.8794304046955483,0.8779,0.87845354612157,3.273107009536533,обязательная конфигурация
H1_sigmoid,H1,эксперимент: sigmoid,"[784, 392, 196, 98, 10]",xavier,,sigmoid,zero,,32,0.01,15,0.5992630788485209,0.7809,0.7733808703830423,0.7809,0.7728715305595275,0.6204812966346741,0.7737,0.7668513438970719,0.7737,0.7669394968255807,0.9352319444744535,"Гипотеза H1 подтверждается. Final val accuracy: sigmoid=0.7737, tanh=0.8756, ReLU=0.8823; final val loss: sigmoid=0.6205, tanh=0.3503, ReLU=0.3310."
H1_tanh_reuse_S1_3,H1,контроль: tanh; переиспользован S1_3,"[784, 392, 196, 98, 10]",xavier,,tanh,zero,,32,0.01,15,0.27785709772109984,0.8996666666666666,0.8995795408939475,0.8996666666666668,0.89931290929505,0.35027372179031374,0.8756,0.875498970401096,0.8756,0.8751920740747445,2.389626970270827,"Гипотеза H1 подтверждается. Final val accuracy: sigmoid=0.7737, tanh=0.8756, ReLU=0.8823; final val loss: sigmoid=0.6205, tanh=0.3503, ReLU=0.3310."
H1_relu,H1,эксперимент: ReLU,"[784, 392, 196, 98, 10]",xavier,,relu,zero,,32,0.01,15,0.24154183421134948,0.9131333333333334,0.912948025971861,0.9131333333333334,0.9127765059085199,0.33102438769340514,0.8823,0.8820446937277729,0.8823000000000001,0.8819602169205352,3.086234523143371,"Гипотеза H1 подтверждается. Final val accuracy: sigmoid=0.7737, tanh=0.8756, ReLU=0.8823; final val loss: sigmoid=0.6205, tanh=0.3503, ReLU=0.3310."
H4_bias_zero_reuse_S1_4,H4,контроль: b=0; переиспользован S1_4,"[784, 392, 196, 98, 49, 25, 10]",kaiming,,relu,zero,,64,0.01,15,0.24942684502601623,0.9096166666666666,0.910746369259088,0.9096166666666665,0.909925512369421,0.3497355266571045,0.8779,0.8794304046955483,0.8779,0.87845354612157,3.273107009536533,"Гипотеза H4 подтверждается: нулевые bias не дали существенного ухудшения. Val accuracy: zero=0.8779, random=0.8797; macro F1: zero=0.8785, random=0.8796."
H4_bias_random,H4,"эксперимент: b ~ N(0, 0.01)","[784, 392, 196, 98, 49, 25, 10]",kaiming,,relu,random,0.01,64,0.01,15,0.23991570103963217,0.91225,0.9124019415518406,0.91225,0.9121858920577207,0.34112832713127134,0.8797,0.8800174167677733,0.8797,0.8796107378763001,3.2548255219289417,"Гипотеза H4 подтверждается: нулевые bias не дали существенного ухудшения. Val accuracy: zero=0.8779, random=0.8797; macro F1: zero=0.8785, random=0.8796."
H6_batch16,H6,эксперимент: batch=16,"[784, 392, 196, 98, 49, 25, 10]",kaiming,,relu,zero,,16,0.01,15,0.18652786939144134,0.9292333333333334,0.9323127847653054,0.9292333333333334,0.9297567326568152,0.3466039138317108,0.8835,0.8870845410335875,0.8835000000000001,0.8842912631572849,4.246536989291735,"Гипотеза H6 о большей шумности малого batch на этих данных не подтверждается однозначно. При этом batch=16 дал сопоставимое итоговое качество. Noise(std(diff(train_loss))): b16=0.02161, b64=0.03367, b256=0.05987. Final val accuracy: b16=0.8835, b64=0.8779, b256=0.8534."
H6_batch64_reuse_S1_4,H6,контроль: batch=64; переиспользован S1_4,"[784, 392, 196, 98, 49, 25, 10]",kaiming,,relu,zero,,64,0.01,15,0.24942684502601623,0.9096166666666666,0.910746369259088,0.9096166666666665,0.909925512369421,0.3497355266571045,0.8779,0.8794304046955483,0.8779,0.87845354612157,3.273107009536533,"Гипотеза H6 о большей шумности малого batch на этих данных не подтверждается однозначно. При этом batch=16 дал сопоставимое итоговое качество. Noise(std(diff(train_loss))): b16=0.02161, b64=0.03367, b256=0.05987. Final val accuracy: b16=0.8835, b64=0.8779, b256=0.8534."
H6_batch256,H6,эксперимент: batch=256,"[784, 392, 196, 98, 49, 25, 10]",kaiming,,relu,zero,,256,0.01,15,0.3657494282404582,0.8716,0.8705511025675167,0.8715999999999999,0.8699547847595059,0.4140409050941467,0.8534,0.8516594725720535,0.8534,0.8515419684782575,2.64023155250108,"Гипотеза H6 о большей шумности малого batch на этих данных не подтверждается однозначно. При этом batch=16 дал сопоставимое итоговое качество. Noise(std(diff(train_loss))): b16=0.02161, b64=0.03367, b256=0.05987. Final val accuracy: b16=0.8835, b64=0.8779, b256=0.8534."
